Image,Label
22455.jpg,4
22434.jpg,1
21407.jpg,3
21353.jpg,3
20608.jpg,3
22330.jpg,0
23165.jpg,4
21250.jpg,1
20310.jpg,2
21231.jpg,3
23760.jpg,1
20626.jpg,3
23925.jpg,1
548.jpg,5
21684.jpg,2
22161.jpg,2
23281.jpg,4
22871.jpg,3
22192.jpg,3
1020.jpg,0
20070.jpg,5
24085.jpg,5
22804.jpg,3
21179.jpg,1
21229.jpg,0
23108.jpg,2
22833.jpg,1
24200.jpg,3
21759.jpg,3
21119.jpg,3
20581.jpg,0
20524.jpg,0
21156.jpg,2
21557.jpg,4
21736.jpg,1
23045.jpg,5
20606.jpg,0
23876.jpg,1
23205.jpg,4
20367.jpg,5
22978.jpg,0
22670.jpg,2
22437.jpg,4
21898.jpg,4
22596.jpg,0
22025.jpg,0
21288.jpg,2
22718.jpg,4
20311.jpg,1
23329.jpg,0
22315.jpg,0
156.jpg,0
21290.jpg,3
24039.jpg,1
23284.jpg,5
23846.jpg,0
23989.jpg,0
23952.jpg,2
22083.jpg,4
22030.jpg,3
20564.jpg,5
20648.jpg,0
21137.jpg,5
24223.jpg,0
23818.jpg,1
21389.jpg,3
23677.jpg,2
21512.jpg,2
21775.jpg,4
24124.jpg,5
20388.jpg,5
20515.jpg,0
22200.jpg,5
21680.jpg,0
22653.jpg,2
20069.jpg,5
22951.jpg,5
21568.jpg,4
21959.jpg,5
22462.jpg,0
23657.jpg,1
23265.jpg,4
22112.jpg,2
21192.jpg,4
23977.jpg,2
22111.jpg,1
21263.jpg,4
20953.jpg,0
24152.jpg,2
21868.jpg,1
23997.jpg,0
22930.jpg,4
21769.jpg,2
21543.jpg,2
20455.jpg,3
21670.jpg,0
20627.jpg,3
20331.jpg,5
21443.jpg,1
22369.jpg,5
22935.jpg,5
23875.jpg,1
22893.jpg,3
23171.jpg,3
23773.jpg,5
24080.jpg,3
20318.jpg,5
23159.jpg,0
20260.jpg,1
20908.jpg,3
23049.jpg,4
23052.jpg,5
20704.jpg,4
24013.jpg,2
23024.jpg,3
21703.jpg,0
22258.jpg,2
22259.jpg,2
23429.jpg,3
20811.jpg,4
22676.jpg,0
23322.jpg,4
24322.jpg,0
21818.jpg,1
24143.jpg,1
21929.jpg,5
22342.jpg,1
20906.jpg,2
23489.jpg,4
20133.jpg,3
21735.jpg,1
22921.jpg,3
22398.jpg,3
20347.jpg,4
21272.jpg,4
24292.jpg,5
20649.jpg,4
23702.jpg,3
21503.jpg,5
21191.jpg,4
23093.jpg,4
22980.jpg,4
22004.jpg,1
22255.jpg,0
22014.jpg,1
24044.jpg,4
24053.jpg,0
22568.jpg,0
21313.jpg,3
21226.jpg,3
22205.jpg,2
21292.jpg,4
21098.jpg,3
23332.jpg,1
20893.jpg,4
22580.jpg,4
20296.jpg,5
22284.jpg,0
21139.jpg,1
20144.jpg,3
22955.jpg,1
21069.jpg,5
20949.jpg,2
23271.jpg,5
20982.jpg,4
22262.jpg,4
22786.jpg,5
23676.jpg,2
20676.jpg,3
22400.jpg,1
21302.jpg,2
21558.jpg,2
22017.jpg,5
22280.jpg,1
20948.jpg,2
21479.jpg,5
22782.jpg,2
22764.jpg,2
520.jpg,0
23389.jpg,5
24235.jpg,4
20218.jpg,0
20718.jpg,1
20884.jpg,5
23119.jpg,4
22203.jpg,3
20702.jpg,2
22416.jpg,1
24171.jpg,2
23048.jpg,2
22448.jpg,0
22956.jpg,1
21115.jpg,3
23931.jpg,1
21609.jpg,4
22724.jpg,3
645.jpg,5
21904.jpg,1
20138.jpg,4
24209.jpg,4
20062.jpg,1
21150.jpg,1
21743.jpg,5
20549.jpg,0
21817.jpg,0
22110.jpg,0
20678.jpg,4
23098.jpg,2
21311.jpg,4
24244.jpg,2
20595.jpg,4
22382.jpg,3
21745.jpg,5
23825.jpg,0
21197.jpg,4
21347.jpg,5
21771.jpg,2
24260.jpg,1
22768.jpg,3
20076.jpg,3
961.jpg,0
20068.jpg,3
21640.jpg,5
23138.jpg,5
23343.jpg,3
23716.jpg,3
22534.jpg,5
23408.jpg,4
21400.jpg,5
20421.jpg,3
20366.jpg,0
23779.jpg,5
24135.jpg,5
23130.jpg,1
20359.jpg,5
22961.jpg,4
23967.jpg,5
20806.jpg,5
22994.jpg,2
21095.jpg,1
21498.jpg,3
21086.jpg,5
22849.jpg,4
22563.jpg,5
20759.jpg,4
22291.jpg,5
22756.jpg,2
24208.jpg,3
22977.jpg,4
21237.jpg,4
21278.jpg,2
20615.jpg,5
24169.jpg,3
20591.jpg,5
22234.jpg,0
20519.jpg,4
24041.jpg,4
23577.jpg,5
21841.jpg,0
21650.jpg,3
22278.jpg,3
21108.jpg,5
22504.jpg,3
22390.jpg,2
21697.jpg,3
21857.jpg,5
21604.jpg,1
23381.jpg,4
21412.jpg,2
20269.jpg,3
20356.jpg,2
21918.jpg,4
23600.jpg,1
23724.jpg,2
23150.jpg,2
22299.jpg,1
23285.jpg,3
24282.jpg,2
23213.jpg,4
24267.jpg,2
22494.jpg,3
21799.jpg,2
23428.jpg,3
20640.jpg,4
23926.jpg,4
21174.jpg,5
24230.jpg,5
21232.jpg,0
21387.jpg,0
23255.jpg,0
24052.jpg,5
20484.jpg,5
21258.jpg,4
20975.jpg,4
20245.jpg,0
23106.jpg,0
21564.jpg,5
20370.jpg,5
22269.jpg,0
20250.jpg,0
23570.jpg,2
22318.jpg,2
22311.jpg,5
20157.jpg,3
23898.jpg,3
20917.jpg,2
21574.jpg,1
22034.jpg,4
21517.jpg,3
21873.jpg,1
24203.jpg,0
22667.jpg,2
21340.jpg,3
20788.jpg,0
21507.jpg,3
20544.jpg,1
23312.jpg,3
21858.jpg,5
21864.jpg,1
22821.jpg,0
21481.jpg,4
23087.jpg,0
22417.jpg,5
22464.jpg,5
20935.jpg,5
20336.jpg,5
20826.jpg,5
21063.jpg,2
22317.jpg,0
20129.jpg,3
22545.jpg,4
23594.jpg,0
21350.jpg,5
23697.jpg,3
20887.jpg,2
24186.jpg,4
22215.jpg,3
21277.jpg,4
21418.jpg,4
22514.jpg,1
21937.jpg,4
22511.jpg,4
23036.jpg,4
22539.jpg,3
24204.jpg,3
23293.jpg,4
21580.jpg,0
22465.jpg,2
24311.jpg,4
23725.jpg,4
22710.jpg,0
22024.jpg,0
23647.jpg,3
23096.jpg,2
22661.jpg,4
22438.jpg,2
20668.jpg,2
22388.jpg,0
23993.jpg,3
21605.jpg,2
21362.jpg,1
22074.jpg,1
20334.jpg,3
20926.jpg,0
20438.jpg,3
23727.jpg,5
23407.jpg,1
23061.jpg,1
22383.jpg,0
21209.jpg,1
24005.jpg,1
23623.jpg,4
23973.jpg,0
20372.jpg,2
20885.jpg,1
23268.jpg,1
20241.jpg,0
24137.jpg,1
22096.jpg,1
22358.jpg,2
22719.jpg,4
20863.jpg,5
21677.jpg,1
22915.jpg,2
24295.jpg,4
22644.jpg,5
23709.jpg,1
22531.jpg,0
24108.jpg,1
21149.jpg,2
22220.jpg,4
23745.jpg,5
23469.jpg,3
22167.jpg,1
21176.jpg,2
23990.jpg,4
22608.jpg,3
24127.jpg,3
22991.jpg,2
21083.jpg,4
22564.jpg,3
23871.jpg,2
22486.jpg,0
21726.jpg,3
23535.jpg,2
21895.jpg,3
23737.jpg,0
21872.jpg,2
21763.jpg,0
24103.jpg,0
21450.jpg,2
20617.jpg,3
24150.jpg,2
20776.jpg,0
20735.jpg,3
20635.jpg,0
22483.jpg,3
21539.jpg,0
21770.jpg,3
23806.jpg,4
22973.jpg,1
23495.jpg,4
21544.jpg,2
22813.jpg,0
20831.jpg,1
20841.jpg,4
23536.jpg,4
22500.jpg,2
23353.jpg,3
20597.jpg,0
21234.jpg,4
22868.jpg,3
20662.jpg,2
22254.jpg,2
21547.jpg,5
21377.jpg,3
24056.jpg,2
20212.jpg,4
20389.jpg,4
21186.jpg,2
23315.jpg,5
21123.jpg,2
22632.jpg,5
20493.jpg,5
20742.jpg,2
20695.jpg,4
21058.jpg,0
21600.jpg,3
22378.jpg,5
21297.jpg,1
20592.jpg,5
21491.jpg,1
20382.jpg,4
21897.jpg,0
22250.jpg,2
20853.jpg,3
23619.jpg,3
22983.jpg,2
22240.jpg,5
23643.jpg,5
21995.jpg,2
21091.jpg,1
20267.jpg,4
23240.jpg,1
22491.jpg,4
20976.jpg,3
23588.jpg,5
21081.jpg,5
24329.jpg,3
21519.jpg,4
22076.jpg,0
22306.jpg,3
20872.jpg,2
797.jpg,0
20822.jpg,4
20242.jpg,1
23899.jpg,2
22851.jpg,2
22362.jpg,2
21553.jpg,4
23584.jpg,0
21464.jpg,2
23259.jpg,1
22688.jpg,4
23710.jpg,2
24325.jpg,4
20320.jpg,2
21908.jpg,5
24097.jpg,5
23753.jpg,2
20304.jpg,4
22900.jpg,5
989.jpg,0
20533.jpg,1
21664.jpg,3
23512.jpg,0
21247.jpg,3
21666.jpg,2
22296.jpg,0
20384.jpg,1
21686.jpg,3
24252.jpg,3
24034.jpg,4
24310.jpg,2
20147.jpg,1
23003.jpg,0
22993.jpg,1
22138.jpg,3
20867.jpg,3
21138.jpg,4
20757.jpg,2
20745.jpg,3
23715.jpg,2
20719.jpg,5
20168.jpg,4
20858.jpg,0
20408.jpg,5
21305.jpg,5
22687.jpg,2
22424.jpg,2
23154.jpg,3
22331.jpg,1
23298.jpg,4
21977.jpg,0
20810.jpg,2
20357.jpg,5
20363.jpg,3
22860.jpg,0
21499.jpg,5
21148.jpg,3
21125.jpg,1
23748.jpg,2
20866.jpg,3
22826.jpg,5
21047.jpg,4
22243.jpg,1
20671.jpg,2
22887.jpg,2
22496.jpg,0
21455.jpg,4
24073.jpg,4
20080.jpg,5
20586.jpg,5
21556.jpg,2
103.jpg,0
23729.jpg,5
21410.jpg,5
23738.jpg,2
21762.jpg,2
22903.jpg,5
21328.jpg,4
20406.jpg,2
23297.jpg,0
20179.jpg,2
22103.jpg,0
20571.jpg,2
22087.jpg,1
21339.jpg,0
22546.jpg,3
23245.jpg,3
20897.jpg,5
20746.jpg,2
23586.jpg,5
22619.jpg,0
23951.jpg,4
22245.jpg,2
21357.jpg,2
20938.jpg,1
20705.jpg,5
23906.jpg,2
22340.jpg,2
21993.jpg,4
23308.jpg,1
21804.jpg,2
20495.jpg,2
22172.jpg,1
20598.jpg,2
23221.jpg,2
23604.jpg,0
21007.jpg,5
20734.jpg,5
20530.jpg,4
20611.jpg,0
20511.jpg,4
23743.jpg,1
23610.jpg,3
22393.jpg,4
20985.jpg,3
22399.jpg,2
22790.jpg,3
24077.jpg,5
21870.jpg,4
22121.jpg,4
21342.jpg,4
23337.jpg,5
22864.jpg,2
22599.jpg,3
20502.jpg,1
22183.jpg,5
23528.jpg,1
22426.jpg,5
23172.jpg,4
20602.jpg,5
22753.jpg,1
23903.jpg,2
24146.jpg,3
21781.jpg,3
21447.jpg,5
21465.jpg,4
22099.jpg,5
20894.jpg,1
22147.jpg,4
23965.jpg,4
22640.jpg,0
20172.jpg,4
22789.jpg,1
23187.jpg,4
20181.jpg,3
23338.jpg,0
21255.jpg,3
21641.jpg,5
23668.jpg,5
23104.jpg,0
23549.jpg,4
22351.jpg,0
23321.jpg,1
23160.jpg,1
21319.jpg,0
24284.jpg,3
24187.jpg,3
22212.jpg,2
21334.jpg,4
21411.jpg,2
22938.jpg,5
23319.jpg,5
22124.jpg,2
20081.jpg,4
22692.jpg,3
20292.jpg,2
22593.jpg,5
21286.jpg,0
20286.jpg,0
22353.jpg,4
24055.jpg,4
23114.jpg,3
21984.jpg,3
20204.jpg,2
20950.jpg,2
22293.jpg,1
23474.jpg,1
20078.jpg,0
23273.jpg,5
22629.jpg,1
24072.jpg,1
21537.jpg,2
24185.jpg,3
20924.jpg,2
24029.jpg,5
22357.jpg,0
22675.jpg,4
23731.jpg,4
20293.jpg,5
20946.jpg,4
20465.jpg,0
23212.jpg,3
23433.jpg,2
22577.jpg,0
22891.jpg,2
22818.jpg,3
23053.jpg,1
24158.jpg,4
22038.jpg,3
20984.jpg,1
24294.jpg,3
24094.jpg,3
23257.jpg,2
21052.jpg,1
22231.jpg,0
21638.jpg,4
21793.jpg,0
23455.jpg,5
22949.jpg,4
23908.jpg,0
23613.jpg,1
21214.jpg,3
21259.jpg,4
23694.jpg,1
20730.jpg,0
21196.jpg,1
21355.jpg,5
23497.jpg,3
22479.jpg,3
22805.jpg,1
20059.jpg,2
23097.jpg,0
23044.jpg,2
20613.jpg,3
20474.jpg,5
23509.jpg,1
23243.jpg,3
20851.jpg,2
22036.jpg,2
23943.jpg,5
23125.jpg,2
23837.jpg,4
23741.jpg,0
23359.jpg,0
22343.jpg,3
24016.jpg,1
24083.jpg,0
22433.jpg,4
21183.jpg,2
24247.jpg,3
20703.jpg,3
22766.jpg,2
21041.jpg,0
23148.jpg,1
22476.jpg,5
21120.jpg,5
24123.jpg,4
23573.jpg,5
22690.jpg,4
23529.jpg,0
23067.jpg,1
20148.jpg,4
811.jpg,0
21161.jpg,3
23127.jpg,5
849.jpg,0
22401.jpg,1
24115.jpg,2
22875.jpg,4
21894.jpg,1
22639.jpg,1
22079.jpg,2
21957.jpg,4
21510.jpg,5
23888.jpg,2
22598.jpg,5
23009.jpg,0
20666.jpg,0
24239.jpg,1
23761.jpg,3
21917.jpg,3
23958.jpg,5
23079.jpg,3
22990.jpg,4
668.jpg,0
23014.jpg,5
20315.jpg,1
21851.jpg,3
20397.jpg,3
21545.jpg,3
21663.jpg,0
605.jpg,0
20848.jpg,4
23475.jpg,0
21017.jpg,5
21996.jpg,4
23166.jpg,3
22127.jpg,4
22917.jpg,1
20358.jpg,3
20082.jpg,1
24107.jpg,2
21812.jpg,4
23404.jpg,0
21185.jpg,5
22470.jpg,5
21731.jpg,5
20896.jpg,0
23841.jpg,4
22817.jpg,2
22102.jpg,4
21603.jpg,3
23843.jpg,2
21243.jpg,0
22216.jpg,5
21783.jpg,1
22540.jpg,1
20944.jpg,5
21639.jpg,4
24024.jpg,5
20131.jpg,0
22536.jpg,2
736.jpg,0
22345.jpg,0
22271.jpg,4
20374.jpg,0
21801.jpg,0
20186.jpg,0
20077.jpg,4
21614.jpg,0
22934.jpg,2
20198.jpg,2
21584.jpg,1
21077.jpg,0
21513.jpg,4
21535.jpg,4
20801.jpg,1
20170.jpg,4
21586.jpg,1
21136.jpg,2
20328.jpg,1
23608.jpg,2
20686.jpg,1
23047.jpg,4
24301.jpg,4
23314.jpg,5
22461.jpg,5
22919.jpg,2
23446.jpg,0
22797.jpg,3
23636.jpg,2
22526.jpg,3
21913.jpg,5
24173.jpg,2
23191.jpg,5
20477.jpg,2
23948.jpg,5
22197.jpg,1
21144.jpg,4
24109.jpg,2
23585.jpg,4
23444.jpg,5
20621.jpg,5
20646.jpg,5
23681.jpg,1
23316.jpg,0
22897.jpg,1
23939.jpg,4
21546.jpg,2
22251.jpg,3
23942.jpg,3
21790.jpg,4
22157.jpg,3
22885.jpg,3
24078.jpg,5
22191.jpg,3
21426.jpg,0
21497.jpg,1
20688.jpg,0
23208.jpg,5
23746.jpg,3
21983.jpg,2
22279.jpg,2
22090.jpg,2
23795.jpg,5
23227.jpg,5
21627.jpg,4
22720.jpg,3
23593.jpg,4
22428.jpg,5
23936.jpg,3
21587.jpg,1
22247.jpg,1
21669.jpg,3
23004.jpg,3
22600.jpg,3
21233.jpg,0
22360.jpg,0
23712.jpg,2
20435.jpg,3
21456.jpg,4
23962.jpg,2
21396.jpg,3
20136.jpg,1
21092.jpg,2
20540.jpg,2
22379.jpg,2
23117.jpg,3
23042.jpg,4
20748.jpg,0
22000.jpg,0
949.jpg,0
23883.jpg,2
23110.jpg,1
21721.jpg,0
24218.jpg,2
20190.jpg,4
23417.jpg,5
22125.jpg,1
21475.jpg,2
20652.jpg,5
21376.jpg,3
22116.jpg,1
23896.jpg,3
22019.jpg,4
20184.jpg,5
23616.jpg,5
20819.jpg,5
21142.jpg,0
23798.jpg,1
21986.jpg,2
24220.jpg,1
22574.jpg,2
20706.jpg,2
24170.jpg,4
22145.jpg,3
21478.jpg,2
23033.jpg,5
24058.jpg,0
21945.jpg,0
21915.jpg,3
21225.jpg,5
23420.jpg,0
21409.jpg,2
22879.jpg,5
23874.jpg,1
22427.jpg,1
23961.jpg,5
20270.jpg,5
20580.jpg,0
22176.jpg,3
22912.jpg,0
20962.jpg,5
20395.jpg,4
21881.jpg,2
20072.jpg,4
22447.jpg,0
20457.jpg,2
23708.jpg,4
22126.jpg,3
21053.jpg,2
20687.jpg,4
21842.jpg,2
23892.jpg,5
21840.jpg,4
22410.jpg,0
23547.jpg,5
22453.jpg,5
24207.jpg,3
21651.jpg,2
22876.jpg,2
24045.jpg,1
21000.jpg,2
21151.jpg,0
22941.jpg,0
21257.jpg,0
20333.jpg,4
23491.jpg,1
23511.jpg,3
20342.jpg,4
20870.jpg,3
24119.jpg,0
21073.jpg,4
23496.jpg,3
21215.jpg,2
24242.jpg,2
22391.jpg,3
22691.jpg,0
21630.jpg,0
21354.jpg,5
23499.jpg,5
22150.jpg,0
21060.jpg,2
23105.jpg,4
20100.jpg,1
21155.jpg,2
23445.jpg,2
22153.jpg,5
24022.jpg,2
21216.jpg,3
22201.jpg,1
20413.jpg,2
23649.jpg,4
24147.jpg,2
20229.jpg,1
21484.jpg,1
23612.jpg,0
21999.jpg,4
21245.jpg,4
20739.jpg,2
22952.jpg,5
22246.jpg,4
23792.jpg,2
21962.jpg,0
22625.jpg,3
23955.jpg,4
21154.jpg,5
23979.jpg,1
21593.jpg,5
23141.jpg,3
24254.jpg,1
24021.jpg,2
21533.jpg,4
23177.jpg,2
20444.jpg,3
23774.jpg,3
21555.jpg,0
21036.jpg,3
22775.jpg,2
22995.jpg,0
23713.jpg,1
23234.jpg,5
23167.jpg,1
24023.jpg,0
23638.jpg,4
21301.jpg,3
21256.jpg,3
20531.jpg,4
22843.jpg,0
21378.jpg,4
23540.jpg,1
22969.jpg,0
23222.jpg,4
21794.jpg,1
22372.jpg,5
20958.jpg,1
22848.jpg,3
22149.jpg,1
23269.jpg,5
21711.jpg,3
23695.jpg,1
22421.jpg,5
23848.jpg,2
21220.jpg,5
22809.jpg,3
24264.jpg,2
21740.jpg,4
22774.jpg,1
22314.jpg,5
20355.jpg,3
21725.jpg,3
20256.jpg,0
23721.jpg,5
21435.jpg,0
21699.jpg,1
23851.jpg,3
23175.jpg,0
23107.jpg,1
20093.jpg,2
21356.jpg,3
692.jpg,1
20386.jpg,2
23075.jpg,5
23037.jpg,3
22650.jpg,0
20096.jpg,0
22737.jpg,5
21309.jpg,5
24009.jpg,5
23471.jpg,5
22780.jpg,3
20165.jpg,4
23775.jpg,3
20677.jpg,5
20952.jpg,0
21529.jpg,1
22162.jpg,4
20164.jpg,2
23012.jpg,0
20264.jpg,4
22747.jpg,4
21143.jpg,0
21363.jpg,3
21846.jpg,4
21501.jpg,5
22187.jpg,2
20541.jpg,2
350.jpg,0
20904.jpg,0
24166.jpg,3
22326.jpg,2
21695.jpg,4
23718.jpg,2
20821.jpg,2
23735.jpg,0
20996.jpg,1
22677.jpg,5
20756.jpg,1
20383.jpg,2
22027.jpg,3
20691.jpg,3
21765.jpg,1
20094.jpg,0
23687.jpg,3
20832.jpg,2
21896.jpg,5
22898.jpg,5
23287.jpg,1
20173.jpg,1
23459.jpg,0
23644.jpg,5
21480.jpg,0
23418.jpg,2
21907.jpg,2
20231.jpg,0
22842.jpg,2
23441.jpg,1
22963.jpg,4
23283.jpg,3
20116.jpg,2
21329.jpg,2
22765.jpg,3
73.jpg,0
21682.jpg,5
20620.jpg,1
21102.jpg,2
21554.jpg,5
20869.jpg,4
24174.jpg,4
21279.jpg,0
21314.jpg,3
23486.jpg,1
21855.jpg,1
21978.jpg,3
22163.jpg,0
21900.jpg,1
20504.jpg,0
21727.jpg,2
22854.jpg,1
22062.jpg,2
22784.jpg,0
21169.jpg,1
24110.jpg,1
242.jpg,0
21454.jpg,5
20616.jpg,2
20257.jpg,4
23639.jpg,0
22478.jpg,4
20781.jpg,3
24323.jpg,2
23637.jpg,5
21570.jpg,3
20940.jpg,3
20489.jpg,2
23163.jpg,5
22440.jpg,3
23642.jpg,5
22092.jpg,1
21526.jpg,5
20732.jpg,2
21597.jpg,0
23362.jpg,0
23244.jpg,1
21631.jpg,0
21212.jpg,1
20925.jpg,1
22847.jpg,1
24145.jpg,1
22046.jpg,3
20978.jpg,1
21059.jpg,3
24070.jpg,5
24258.jpg,0
21121.jpg,4
546.jpg,0
21336.jpg,2
20764.jpg,0
20728.jpg,1
20603.jpg,2
21779.jpg,5
22588.jpg,4
21375.jpg,1
21965.jpg,1
23852.jpg,1
21890.jpg,1
22528.jpg,4
23679.jpg,4
21038.jpg,3
20559.jpg,3
21832.jpg,4
22290.jpg,3
20650.jpg,1
22199.jpg,3
21316.jpg,1
21772.jpg,0
20090.jpg,5
21787.jpg,1
23655.jpg,2
20612.jpg,2
1053.jpg,0
23886.jpg,0
21239.jpg,2
20441.jpg,0
21844.jpg,3
20582.jpg,1
23998.jpg,4
1081.jpg,0
21750.jpg,3
20345.jpg,2
20265.jpg,4
20117.jpg,1
20556.jpg,1
22109.jpg,5
22754.jpg,2
20137.jpg,5
22144.jpg,1
20056.jpg,1
22867.jpg,4
22736.jpg,4
20230.jpg,2
23118.jpg,5
24049.jpg,2
20109.jpg,2
24286.jpg,3
21813.jpg,3
21306.jpg,4
21932.jpg,1
20277.jpg,3
21657.jpg,3
22469.jpg,4
20113.jpg,0
21658.jpg,0
20995.jpg,5
22232.jpg,5
23981.jpg,1
20882.jpg,4
21764.jpg,0
23617.jpg,1
21814.jpg,1
22105.jpg,4
23041.jpg,0
23739.jpg,2
23928.jpg,1
21994.jpg,1
24314.jpg,1
22814.jpg,1
22475.jpg,2
23405.jpg,0
20860.jpg,2
20209.jpg,5
24277.jpg,2
952.jpg,0
22308.jpg,1
20974.jpg,3
22107.jpg,4
21045.jpg,4
22987.jpg,5
23411.jpg,5
20655.jpg,3
21950.jpg,2
22458.jpg,5
22953.jpg,0
20271.jpg,3
22040.jpg,3
21861.jpg,2
20206.jpg,0
21217.jpg,4
22907.jpg,0
21445.jpg,0
21459.jpg,1
22947.jpg,1
22473.jpg,3
23816.jpg,3
23318.jpg,3
20720.jpg,2
21011.jpg,0
23360.jpg,1
21859.jpg,2
20061.jpg,0
20332.jpg,5
20095.jpg,1
21417.jpg,3
21715.jpg,1
21784.jpg,4
23450.jpg,4
20178.jpg,5
22180.jpg,2
20794.jpg,1
23266.jpg,3
21990.jpg,1
21875.jpg,3
21575.jpg,2
23447.jpg,2
20905.jpg,4
20289.jpg,4
22694.jpg,3
22862.jpg,1
23563.jpg,2
23247.jpg,4
854.jpg,0
24245.jpg,4
20491.jpg,0
20895.jpg,0
20064.jpg,0
23478.jpg,2
22631.jpg,5
22493.jpg,3
20838.jpg,5
22648.jpg,3
24190.jpg,3
22663.jpg,3
21714.jpg,4
21472.jpg,2
22997.jpg,4
20124.jpg,4
21949.jpg,2
21852.jpg,1
20731.jpg,1
20106.jpg,4
24195.jpg,2
23498.jpg,1
20283.jpg,4
23587.jpg,4
20933.jpg,2
23510.jpg,5
20972.jpg,5
23448.jpg,2
20685.jpg,1
22556.jpg,2
20647.jpg,4
20490.jpg,2
23274.jpg,3
23915.jpg,3
21623.jpg,4
21199.jpg,3
23830.jpg,3
22852.jpg,3
22228.jpg,5
20696.jpg,4
23476.jpg,1
21967.jpg,2
23242.jpg,1
20443.jpg,3
24236.jpg,4
24212.jpg,5
23295.jpg,0
20561.jpg,0
23769.jpg,4
20202.jpg,3
22349.jpg,3
22882.jpg,2
21934.jpg,2
22184.jpg,2
23950.jpg,5
22623.jpg,4
24118.jpg,5
22273.jpg,3
21240.jpg,1
20672.jpg,4
22093.jpg,1
22740.jpg,1
23306.jpg,1
23270.jpg,3
21437.jpg,2
20766.jpg,0
21644.jpg,1
20741.jpg,3
20553.jpg,0
22656.jpg,5
23956.jpg,2
20930.jpg,1
22286.jpg,1
22928.jpg,3
21729.jpg,4
23578.jpg,2
21943.jpg,2
21201.jpg,3
22070.jpg,2
20252.jpg,1
21599.jpg,0
21476.jpg,4
23149.jpg,2
22856.jpg,0
22855.jpg,3
20983.jpg,3
21592.jpg,2
21788.jpg,3
22592.jpg,3
22222.jpg,2
22098.jpg,0
20752.jpg,5
22516.jpg,4
23949.jpg,1
22779.jpg,5
20142.jpg,2
23304.jpg,0
21985.jpg,5
22015.jpg,2
23237.jpg,4
23453.jpg,1
20878.jpg,4
20800.jpg,1
23084.jpg,1
24287.jpg,3
24076.jpg,4
24011.jpg,2
23018.jpg,4
23324.jpg,4
23241.jpg,1
23277.jpg,3
24237.jpg,4
22746.jpg,4
20762.jpg,2
23910.jpg,2
21583.jpg,1
21514.jpg,5
20402.jpg,4
24026.jpg,5
21805.jpg,2
20931.jpg,5
21845.jpg,4
23620.jpg,4
20767.jpg,3
20440.jpg,5
20694.jpg,4
22587.jpg,0
22839.jpg,5
20653.jpg,5
20928.jpg,0
21954.jpg,4
24290.jpg,5
21065.jpg,0
21141.jpg,0
22409.jpg,0
23628.jpg,5
20485.jpg,1
21738.jpg,4
20380.jpg,2
20281.jpg,2
22442.jpg,0
23829.jpg,2
23590.jpg,0
20232.jpg,3
22346.jpg,3
22669.jpg,5
23669.jpg,5
23001.jpg,2
22089.jpg,4
22160.jpg,2
24154.jpg,3
23124.jpg,4
20774.jpg,1
22241.jpg,2
20769.jpg,4
23058.jpg,4
20599.jpg,3
21469.jpg,3
23188.jpg,0
21560.jpg,5
23783.jpg,2
21049.jpg,2
20528.jpg,3
22487.jpg,4
21366.jpg,1
21422.jpg,1
20107.jpg,3
20433.jpg,2
20390.jpg,0
23786.jpg,4
21129.jpg,4
22767.jpg,2
24249.jpg,2
20216.jpg,5
22182.jpg,2
20892.jpg,5
21647.jpg,3
22325.jpg,4
21198.jpg,1
22335.jpg,3
20991.jpg,3
22506.jpg,5
23169.jpg,3
21525.jpg,4
21016.jpg,1
22436.jpg,3
21691.jpg,2
21933.jpg,1
22881.jpg,4
20876.jpg,2
20783.jpg,2
23764.jpg,1
21991.jpg,1
24113.jpg,2
22431.jpg,3
21182.jpg,0
20425.jpg,0
20713.jpg,2
20751.jpg,2
22088.jpg,0
23102.jpg,5
22249.jpg,0
22883.jpg,4
22689.jpg,5
22066.jpg,4
700.jpg,5
21924.jpg,4
21271.jpg,0
21463.jpg,2
20487.jpg,5
22256.jpg,0
20089.jpg,1
24007.jpg,1
21024.jpg,3
23470.jpg,3
22723.jpg,1
21042.jpg,2
22005.jpg,2
20236.jpg,4
20916.jpg,1
23705.jpg,4
20486.jpg,2
21269.jpg,2
302.jpg,0
24205.jpg,0
20299.jpg,1
21320.jpg,3
21310.jpg,1
22508.jpg,4
21989.jpg,5
21589.jpg,4
20108.jpg,1
21485.jpg,0
23103.jpg,3
21947.jpg,1
22141.jpg,3
22829.jpg,2
20150.jpg,2
20479.jpg,3
23461.jpg,3
20163.jpg,5
20439.jpg,1
21617.jpg,5
22264.jpg,2
20722.jpg,4
23551.jpg,1
22026.jpg,2
23387.jpg,3
20430.jpg,0
24250.jpg,5
20066.jpg,5
20834.jpg,4
20947.jpg,1
22602.jpg,1
23254.jpg,4
20750.jpg,5
22820.jpg,3
22134.jpg,0
23870.jpg,2
22198.jpg,5
24086.jpg,4
23296.jpg,2
21573.jpg,0
24111.jpg,4
21207.jpg,1
23900.jpg,4
21035.jpg,3
20431.jpg,0
21393.jpg,4
22451.jpg,2
20911.jpg,4
24159.jpg,5
24149.jpg,5
23457.jpg,3
21128.jpg,4
23109.jpg,0
20782.jpg,1
20348.jpg,5
20568.jpg,1
21062.jpg,5
21919.jpg,1
21792.jpg,5
22731.jpg,1
20574.jpg,5
22139.jpg,5
24136.jpg,4
20416.jpg,3
21358.jpg,1
22459.jpg,2
20238.jpg,5
20516.jpg,5
22558.jpg,0
23974.jpg,4
22177.jpg,1
22235.jpg,2
22537.jpg,3
23365.jpg,0
20417.jpg,5
24138.jpg,0
22869.jpg,2
20554.jpg,2
21910.jpg,5
20088.jpg,5
21874.jpg,2
23538.jpg,3
20098.jpg,1
23684.jpg,2
21717.jpg,2
20563.jpg,1
23624.jpg,4
21653.jpg,5
23826.jpg,4
21909.jpg,3
24275.jpg,0
20567.jpg,1
22518.jpg,2
23458.jpg,3
22562.jpg,0
23640.jpg,1
21559.jpg,1
20154.jpg,3
20411.jpg,1
20111.jpg,2
61.jpg,0
22570.jpg,1
21034.jpg,5
20266.jpg,5
23541.jpg,3
23233.jpg,5
22933.jpg,5
23686.jpg,3
22846.jpg,3
23220.jpg,0
21780.jpg,5
22406.jpg,5
23801.jpg,4
20812.jpg,5
20596.jpg,1
21824.jpg,2
20126.jpg,5
21849.jpg,2
23937.jpg,5
23157.jpg,2
22925.jpg,2
22884.jpg,3
23902.jpg,2
23111.jpg,5
23658.jpg,2
22301.jpg,5
20840.jpg,4
23320.jpg,2
21399.jpg,0
20171.jpg,4
20195.jpg,2
22585.jpg,4
22420.jpg,1
24087.jpg,0
23521.jpg,4
20638.jpg,1
21712.jpg,0
23550.jpg,0
24312.jpg,1
20247.jpg,4
20754.jpg,1
22708.jpg,5
21488.jpg,3
23151.jpg,2
21470.jpg,0
20473.jpg,4
21973.jpg,4
24165.jpg,3
23606.jpg,2
23889.jpg,4
22755.jpg,4
20327.jpg,3
20577.jpg,3
22347.jpg,2
20619.jpg,1
23490.jpg,1
20988.jpg,5
23472.jpg,1
22557.jpg,2
21538.jpg,1
22831.jpg,4
23683.jpg,0
21266.jpg,2
23005.jpg,5
23822.jpg,2
20679.jpg,4
22920.jpg,4
20601.jpg,0
20161.jpg,5
22552.jpg,1
22073.jpg,0
21170.jpg,0
20330.jpg,1
20818.jpg,5
22120.jpg,5
23759.jpg,4
20174.jpg,4
22295.jpg,0
22159.jpg,3
23675.jpg,0
21744.jpg,5
21415.jpg,3
22374.jpg,4
21911.jpg,5
23286.jpg,5
22683.jpg,2
21730.jpg,4
21768.jpg,2
24269.jpg,5
22722.jpg,5
22810.jpg,0
22412.jpg,5
22179.jpg,1
24179.jpg,0
21751.jpg,2
23465.jpg,1
22637.jpg,0
21889.jpg,4
21876.jpg,3
22154.jpg,4
21175.jpg,5
21581.jpg,0
22086.jpg,3
21019.jpg,3
22685.jpg,3
23143.jpg,5
22457.jpg,5
21797.jpg,4
22699.jpg,3
22450.jpg,5
23137.jpg,5
614.jpg,5
21001.jpg,1
23091.jpg,4
20158.jpg,5
22185.jpg,0
22415.jpg,0
23591.jpg,1
20770.jpg,3
22115.jpg,0
20480.jpg,0
21826.jpg,3
23133.jpg,5
24019.jpg,0
20802.jpg,2
20909.jpg,4
23567.jpg,1
23862.jpg,1
20185.jpg,4
20057.jpg,0
22700.jpg,3
23292.jpg,2
23182.jpg,5
22896.jpg,2
20966.jpg,0
21754.jpg,0
23246.jpg,3
22908.jpg,3
22571.jpg,5
24196.jpg,2
21367.jpg,0
24328.jpg,3
24180.jpg,4
24096.jpg,2
24004.jpg,3
23183.jpg,5
20274.jpg,1
23625.jpg,1
23289.jpg,1
20282.jpg,3
20075.jpg,5
20449.jpg,0
22064.jpg,0
23589.jpg,2
21348.jpg,3
1082.jpg,0
21380.jpg,1
20771.jpg,0
22709.jpg,1
24062.jpg,0
23060.jpg,3
23867.jpg,4
24248.jpg,2
458.jpg,0
20482.jpg,2
20409.jpg,2
21325.jpg,1
23945.jpg,0
24304.jpg,4
22097.jpg,0
24213.jpg,2
20085.jpg,3
22672.jpg,4
351.jpg,0
23228.jpg,0
22550.jpg,1
23865.jpg,1
22223.jpg,5
20424.jpg,0
22647.jpg,3
24008.jpg,2
21386.jpg,0
22356.jpg,5
22252.jpg,0
20189.jpg,3
20777.jpg,0
22394.jpg,3
21948.jpg,0
23995.jpg,5
23986.jpg,3
22095.jpg,3
23659.jpg,3
22822.jpg,2
22989.jpg,0
23180.jpg,3
22741.jpg,5
21563.jpg,4
21101.jpg,5
22355.jpg,1
21862.jpg,4
23436.jpg,3
20513.jpg,4
24082.jpg,1
23373.jpg,1
20658.jpg,2
22725.jpg,5
23542.jpg,0
20723.jpg,0
20959.jpg,2
22589.jpg,4
20796.jpg,3
23368.jpg,1
22745.jpg,4
21303.jpg,2
21344.jpg,1
23185.jpg,1
21096.jpg,3
21853.jpg,5
21076.jpg,3
24319.jpg,3
20472.jpg,4
20833.jpg,1
23398.jpg,2
21227.jpg,4
24129.jpg,4
23821.jpg,5
23218.jpg,1
20398.jpg,3
22988.jpg,5
21318.jpg,0
23452.jpg,4
21675.jpg,3
23516.jpg,2
22186.jpg,4
23530.jpg,5
20644.jpg,4
21012.jpg,4
21242.jpg,5
20211.jpg,3
20942.jpg,4
21006.jpg,4
21104.jpg,0
22268.jpg,1
22132.jpg,5
21610.jpg,2
22490.jpg,1
24222.jpg,1
24000.jpg,4
22082.jpg,5
22237.jpg,4
23543.jpg,0
20317.jpg,2
23116.jpg,1
21710.jpg,4
22738.jpg,1
23707.jpg,5
24261.jpg,2
23815.jpg,0
22776.jpg,0
20915.jpg,5
23161.jpg,1
22742.jpg,2
23181.jpg,1
21940.jpg,4
21936.jpg,4
23263.jpg,5
22965.jpg,5
22202.jpg,3
23750.jpg,1
22673.jpg,5
23309.jpg,1
24155.jpg,4
21054.jpg,4
22387.jpg,0
23100.jpg,0
22845.jpg,1
20660.jpg,1
20631.jpg,2
23515.jpg,2
22227.jpg,0
23207.jpg,1
22547.jpg,3
21066.jpg,0
23562.jpg,4
21646.jpg,0
21688.jpg,5
23907.jpg,0
20910.jpg,2
24189.jpg,4
21146.jpg,3
21982.jpg,2
21383.jpg,2
20633.jpg,4
22824.jpg,4
24193.jpg,2
23879.jpg,1
23860.jpg,5
22137.jpg,2
24095.jpg,5
20637.jpg,5
22336.jpg,1
22322.jpg,5
23853.jpg,1
22432.jpg,4
21173.jpg,3
22832.jpg,4
24175.jpg,5
22048.jpg,4
20307.jpg,2
20362.jpg,2
23384.jpg,3
22368.jpg,5
23367.jpg,2
740.jpg,0
23189.jpg,2
20889.jpg,4
22603.jpg,2
23193.jpg,0
23232.jpg,3
23629.jpg,2
22444.jpg,3
24043.jpg,3
278.jpg,0
24198.jpg,1
21349.jpg,3
21621.jpg,0
22706.jpg,0
21569.jpg,4
20539.jpg,2
22668.jpg,5
22051.jpg,3
24020.jpg,3
21162.jpg,3
24246.jpg,4
388.jpg,0
20309.jpg,0
22936.jpg,2
20740.jpg,1
21177.jpg,1
21542.jpg,3
20329.jpg,2
671.jpg,5
24006.jpg,3
20555.jpg,0
20899.jpg,5
21923.jpg,0
24229.jpg,0
23219.jpg,2
22581.jpg,2
20285.jpg,4
23361.jpg,2
23901.jpg,4
21087.jpg,1
23451.jpg,3
22488.jpg,3
22576.jpg,2
24027.jpg,4
22837.jpg,5
22771.jpg,1
20921.jpg,2
24032.jpg,3
24201.jpg,4
21524.jpg,2
20798.jpg,5
24176.jpg,3
20816.jpg,1
20717.jpg,1
21970.jpg,0
21431.jpg,1
21724.jpg,5
23272.jpg,4
22239.jpg,2
23210.jpg,3
21800.jpg,5
21860.jpg,4
20249.jpg,2
22515.jpg,2
22045.jpg,0
21761.jpg,3
23964.jpg,2
24131.jpg,0
21671.jpg,0
21611.jpg,5
244.jpg,0
23236.jpg,3
21955.jpg,0
22210.jpg,0
22624.jpg,0
20674.jpg,1
21046.jpg,1
22948.jpg,4
23344.jpg,1
24256.jpg,1
21656.jpg,0
20073.jpg,0
23930.jpg,1
22441.jpg,4
20246.jpg,5
20476.jpg,4
21022.jpg,4
21719.jpg,0
20210.jpg,3
20690.jpg,3
21806.jpg,1
21808.jpg,3
20405.jpg,5
144.jpg,0
20352.jpg,2
23310.jpg,0
20998.jpg,2
22645.jpg,5
21432.jpg,5
24177.jpg,1
22800.jpg,2
22686.jpg,5
21964.jpg,1
22471.jpg,4
21662.jpg,4
20765.jpg,5
22664.jpg,4
22711.jpg,4
920.jpg,0
22827.jpg,4
20589.jpg,3
20423.jpg,2
22329.jpg,5
21360.jpg,0
21620.jpg,5
20842.jpg,2
22196.jpg,5
20074.jpg,3
23984.jpg,1
21106.jpg,1
23409.jpg,0
23031.jpg,1
21210.jpg,2
24309.jpg,4
23656.jpg,2
21942.jpg,2
21097.jpg,1
23194.jpg,4
22513.jpg,2
837.jpg,0
23090.jpg,1
21461.jpg,0
23747.jpg,1
22834.jpg,2
21648.jpg,0
24139.jpg,5
22992.jpg,3
23734.jpg,3
22538.jpg,1
23576.jpg,4
21601.jpg,5
23793.jpg,5
21373.jpg,1
23808.jpg,3
23723.jpg,1
22128.jpg,1
22165.jpg,3
21893.jpg,3
21720.jpg,1
23402.jpg,1
20058.jpg,3
23982.jpg,0
22188.jpg,3
20112.jpg,4
22101.jpg,3
21613.jpg,3
20968.jpg,0
20167.jpg,4
24300.jpg,5
21916.jpg,1
21776.jpg,5
23728.jpg,1
22572.jpg,4
20152.jpg,5
20779.jpg,1
21032.jpg,4
23401.jpg,4
22078.jpg,2
23386.jpg,1
20414.jpg,2
22043.jpg,2
22695.jpg,2
23230.jpg,2
24160.jpg,0
22481.jpg,5
23641.jpg,4
22870.jpg,5
23431.jpg,2
20454.jpg,5
22063.jpg,2
23040.jpg,3
23385.jpg,0
20981.jpg,0
23810.jpg,5
22350.jpg,4
23807.jpg,3
22986.jpg,5
20584.jpg,3
23382.jpg,4
23660.jpg,0
23454.jpg,5
22050.jpg,1
20517.jpg,2
21486.jpg,3
24285.jpg,3
22643.jpg,1
145.jpg,0
21906.jpg,2
20546.jpg,0
20813.jpg,5
23534.jpg,1
20115.jpg,4
23866.jpg,0
23229.jpg,4
22763.jpg,1
23598.jpg,1
497.jpg,5
20970.jpg,4
24051.jpg,1
20092.jpg,2
23976.jpg,4
23463.jpg,1
23797.jpg,3
22959.jpg,3
24050.jpg,0
22032.jpg,5
23855.jpg,4
22001.jpg,5
21153.jpg,2
22525.jpg,2
21262.jpg,3
23503.jpg,1
22927.jpg,2
20753.jpg,4
24112.jpg,2
20183.jpg,5
23250.jpg,4
23186.jpg,5
23192.jpg,4
23339.jpg,2
23390.jpg,5
23609.jpg,3
20083.jpg,0
24321.jpg,3
20458.jpg,2
22119.jpg,5
22408.jpg,5
20508.jpg,2
20986.jpg,3
20303.jpg,2
21055.jpg,3
23406.jpg,1
21701.jpg,3
24211.jpg,3
22022.jpg,1
24120.jpg,0
20512.jpg,3
24141.jpg,5
23557.jpg,5
21837.jpg,1
23845.jpg,5
20243.jpg,2
23349.jpg,5
22267.jpg,0
23854.jpg,0
23351.jpg,4
20497.jpg,3
24219.jpg,4
22642.jpg,0
22569.jpg,1
20844.jpg,2
20657.jpg,3
24088.jpg,4
23833.jpg,0
22156.jpg,5
21043.jpg,2
20341.jpg,4
20890.jpg,4
20401.jpg,3
23355.jpg,0
616.jpg,0
24224.jpg,0
20392.jpg,4
23918.jpg,1
23062.jpg,3
20804.jpg,0
20725.jpg,0
23988.jpg,2
21866.jpg,5
20087.jpg,2
21884.jpg,1
21707.jpg,4
23652.jpg,0
20460.jpg,0
20510.jpg,1
21359.jpg,5
21551.jpg,2
24273.jpg,3
22175.jpg,0
22265.jpg,2
22614.jpg,2
24122.jpg,4
22520.jpg,2
22283.jpg,5
23919.jpg,4
22967.jpg,5
20259.jpg,5
22597.jpg,5
21591.jpg,3
23703.jpg,2
22012.jpg,4
20326.jpg,2
22414.jpg,4
21462.jpg,4
23749.jpg,5
21452.jpg,3
22702.jpg,0
20835.jpg,5
23909.jpg,2
20261.jpg,1
23933.jpg,1
22446.jpg,1
22058.jpg,0
21013.jpg,3
22389.jpg,4
20527.jpg,5
21979.jpg,3
20868.jpg,2
24234.jpg,1
20255.jpg,4
20400.jpg,1
20346.jpg,0
21612.jpg,1
22028.jpg,1
21317.jpg,1
22091.jpg,2
22370.jpg,0
20937.jpg,5
21598.jpg,4
24221.jpg,5
21126.jpg,1
23032.jpg,1
23388.jpg,0
21905.jpg,0
22320.jpg,2
22974.jpg,2
20297.jpg,5
21105.jpg,1
22553.jpg,2
23969.jpg,4
23139.jpg,5
24033.jpg,1
21843.jpg,1
22646.jpg,3
24178.jpg,1
20712.jpg,2
24132.jpg,4
22085.jpg,4
22100.jpg,2
21100.jpg,5
20785.jpg,1
22712.jpg,2
23164.jpg,2
23923.jpg,3
21294.jpg,5
20799.jpg,0
21885.jpg,1
22681.jpg,2
22944.jpg,1
21298.jpg,0
23333.jpg,3
21371.jpg,1
22207.jpg,4
22129.jpg,4
20856.jpg,4
22634.jpg,3
22380.jpg,0
22703.jpg,1
23375.jpg,5
22998.jpg,2
22467.jpg,4
24197.jpg,0
23123.jpg,1
20624.jpg,2
23393.jpg,1
22812.jpg,0
21345.jpg,1
515.jpg,5
24334.jpg,2
23135.jpg,4
20467.jpg,2
20941.jpg,3
20461.jpg,4
22924.jpg,2
20815.jpg,2
20475.jpg,2
21635.jpg,4
21810.jpg,5
21466.jpg,3
22721.jpg,4
20737.jpg,5
20294.jpg,5
21811.jpg,2
20191.jpg,5
21992.jpg,3
21494.jpg,5
21807.jpg,4
20446.jpg,2
20954.jpg,4
20629.jpg,3
21167.jpg,5
22996.jpg,1
20091.jpg,1
21405.jpg,4
21522.jpg,5
24128.jpg,4
22652.jpg,5
23548.jpg,2
23653.jpg,4
21341.jpg,2
21941.jpg,5
23492.jpg,2
23101.jpg,1
22799.jpg,3
22208.jpg,0
23423.jpg,4
23717.jpg,1
21224.jpg,4
20177.jpg,0
21442.jpg,4
21615.jpg,2
22583.jpg,3
22261.jpg,3
20879.jpg,4
22376.jpg,1
20153.jpg,3
23531.jpg,3
22502.jpg,2
23744.jpg,2
20683.jpg,0
22877.jpg,5
21248.jpg,2
23603.jpg,2
22072.jpg,4
24167.jpg,2
20999.jpg,4
22769.jpg,3
23884.jpg,2
22193.jpg,3
21159.jpg,0
21634.jpg,5
20436.jpg,0
24037.jpg,2
24299.jpg,2
21260.jpg,5
23872.jpg,4
23804.jpg,4
22586.jpg,0
23978.jpg,3
23559.jpg,2
23437.jpg,4
21135.jpg,5
22510.jpg,2
22886.jpg,2
21206.jpg,1
22517.jpg,1
20761.jpg,1
21777.jpg,3
22836.jpg,3
23226.jpg,2
20630.jpg,0
20160.jpg,2
22696.jpg,2
24199.jpg,5
23935.jpg,5
21892.jpg,5
21505.jpg,0
21912.jpg,3
21655.jpg,4
23861.jpg,4
23885.jpg,4
21685.jpg,1
22133.jpg,2
21085.jpg,3
22660.jpg,2
20306.jpg,1
23179.jpg,0
21659.jpg,3
22857.jpg,2
20575.jpg,3
23484.jpg,4
745.jpg,0
20807.jpg,5
22140.jpg,2
20494.jpg,4
22042.jpg,3
23520.jpg,4
23817.jpg,1
20898.jpg,5
20585.jpg,3
21423.jpg,5
21238.jpg,1
20639.jpg,4
23225.jpg,5
21040.jpg,3
21254.jpg,1
21061.jpg,4
22104.jpg,4
21004.jpg,3
22655.jpg,3
21099.jpg,0
22976.jpg,5
20907.jpg,5
22633.jpg,0
20576.jpg,2
23348.jpg,2
22068.jpg,2
22565.jpg,4
22628.jpg,4
20929.jpg,1
22890.jpg,3
23776.jpg,0
20570.jpg,2
22439.jpg,4
21107.jpg,5
20820.jpg,3
21960.jpg,3
23757.jpg,0
22425.jpg,5
24047.jpg,1
22778.jpg,0
23430.jpg,1
22734.jpg,3
20710.jpg,0
23929.jpg,2
21734.jpg,3
24133.jpg,2
23195.jpg,5
22636.jpg,3
23275.jpg,4
21483.jpg,1
21723.jpg,5
23301.jpg,5
21064.jpg,3
24163.jpg,4
20276.jpg,3
22807.jpg,4
22971.jpg,5
24320.jpg,0
24130.jpg,1
24099.jpg,4
22970.jpg,5
20709.jpg,0
23317.jpg,0
20162.jpg,5
23682.jpg,4
21296.jpg,5
22858.jpg,3
20176.jpg,3
22819.jpg,1
23766.jpg,5
23153.jpg,3
20432.jpg,5
23026.jpg,2
24270.jpg,5
21829.jpg,3
24161.jpg,5
21674.jpg,5
21665.jpg,3
21981.jpg,3
22830.jpg,5
20459.jpg,0
20319.jpg,1
20159.jpg,1
22943.jpg,3
22761.jpg,3
24268.jpg,5
22512.jpg,3
22620.jpg,4
22958.jpg,3
20961.jpg,3
22233.jpg,5
20572.jpg,5
23972.jpg,3
22671.jpg,0
24279.jpg,3
20643.jpg,2
22321.jpg,4
20900.jpg,1
21428.jpg,4
20847.jpg,3
24184.jpg,3
23596.jpg,2
21369.jpg,3
20992.jpg,3
20373.jpg,2
20273.jpg,4
22230.jpg,5
22859.jpg,3
23781.jpg,5
23758.jpg,5
22423.jpg,0
23560.jpg,1
22609.jpg,3
24075.jpg,3
23552.jpg,2
23736.jpg,3
22405.jpg,2
22260.jpg,1
22777.jpg,5
22054.jpg,2
24280.jpg,5
20379.jpg,3
23055.jpg,0
22289.jpg,1
21343.jpg,4
23762.jpg,2
23370.jpg,3
22501.jpg,4
22152.jpg,0
23507.jpg,1
21390.jpg,2
21406.jpg,4
23688.jpg,1
23435.jpg,0
23136.jpg,0
23070.jpg,1
20335.jpg,5
20843.jpg,5
22209.jpg,3
22307.jpg,1
21572.jpg,5
23174.jpg,3
20670.jpg,5
23290.jpg,5
22844.jpg,3
23413.jpg,3
23371.jpg,1
22411.jpg,3
23211.jpg,0
20590.jpg,3
22009.jpg,3
22617.jpg,3
21433.jpg,0
22823.jpg,5
22328.jpg,3
22031.jpg,5
20207.jpg,0
20450.jpg,1
23791.jpg,1
20419.jpg,4
20418.jpg,2
21274.jpg,2
21385.jpg,3
23072.jpg,3
23421.jpg,2
20337.jpg,5
24274.jpg,4
23442.jpg,0
22575.jpg,1
20664.jpg,4
22272.jpg,3
23579.jpg,4
23975.jpg,3
23253.jpg,5
21956.jpg,1
23947.jpg,4
24018.jpg,4
24313.jpg,1
23835.jpg,5
21434.jpg,5
23280.jpg,4
21490.jpg,3
22339.jpg,0
21828.jpg,4
23782.jpg,1
23819.jpg,1
22276.jpg,4
20680.jpg,2
21518.jpg,2
21676.jpg,2
22913.jpg,2
22065.jpg,1
21689.jpg,0
20322.jpg,1
22169.jpg,1
23890.jpg,0
22707.jpg,1
21789.jpg,4
20387.jpg,3
21158.jpg,0
20534.jpg,4
21044.jpg,5
22029.jpg,2
20918.jpg,0
23068.jpg,5
24317.jpg,5
22377.jpg,3
23877.jpg,1
21203.jpg,0
21749.jpg,5
22472.jpg,1
23667.jpg,4
23714.jpg,2
21756.jpg,4
22003.jpg,4
22021.jpg,0
21276.jpg,3
20871.jpg,3
23176.jpg,3
20535.jpg,0
22966.jpg,3
20314.jpg,3
23464.jpg,0
20120.jpg,3
5.jpg,0
22384.jpg,0
21683.jpg,0
23502.jpg,1
23726.jpg,0
21921.jpg,1
20222.jpg,5
22123.jpg,2
24060.jpg,2
22942.jpg,2
23813.jpg,1
23920.jpg,2
22866.jpg,3
21281.jpg,1
23369.jpg,4
20545.jpg,3
23336.jpg,4
655.jpg,5
22294.jpg,2
21213.jpg,2
23814.jpg,5
24101.jpg,5
22257.jpg,0
24098.jpg,1
20287.jpg,2
21130.jpg,4
22503.jpg,4
23574.jpg,5
21421.jpg,3
21392.jpg,4
24057.jpg,2
20963.jpg,2
21020.jpg,1
23162.jpg,4
20888.jpg,5
20763.jpg,2
23700.jpg,1
22136.jpg,1
21364.jpg,4
23711.jpg,3
21285.jpg,2
20175.jpg,1
21819.jpg,3
21473.jpg,2
20350.jpg,0
23022.jpg,4
20060.jpg,0
21168.jpg,2
23156.jpg,1
21307.jpg,2
24206.jpg,1
21187.jpg,1
20965.jpg,2
23325.jpg,0
20522.jpg,3
22801.jpg,0
23794.jpg,1
23126.jpg,3
23838.jpg,2
22214.jpg,3
24036.jpg,2
23363.jpg,3
22730.jpg,4
22171.jpg,0
21576.jpg,3
513.jpg,0
24214.jpg,4
23262.jpg,2
22035.jpg,5
20114.jpg,4
23633.jpg,5
22057.jpg,5
20268.jpg,0
21241.jpg,5
21856.jpg,5
22606.jpg,2
22495.jpg,5
23812.jpg,4
21935.jpg,4
23527.jpg,0
22117.jpg,3
22727.jpg,2
20558.jpg,5
20857.jpg,3
24040.jpg,5
20253.jpg,2
23261.jpg,1
23400.jpg,4
21287.jpg,5
23380.jpg,1
20874.jpg,0
24263.jpg,3
22595.jpg,1
20550.jpg,0
23796.jpg,5
20123.jpg,3
21448.jpg,3
21381.jpg,5
20927.jpg,1
23932.jpg,0
22748.jpg,1
23756.jpg,4
24126.jpg,2
20565.jpg,3
23473.jpg,1
22950.jpg,3
22338.jpg,2
23632.jpg,1
23008.jpg,5
21578.jpg,3
21492.jpg,3
23432.jpg,3
24153.jpg,5
20922.jpg,0
21152.jpg,4
22527.jpg,5
20605.jpg,1
23094.jpg,1
22678.jpg,4
21643.jpg,3
22130.jpg,2
21419.jpg,0
20234.jpg,5
23002.jpg,4
24100.jpg,1
20378.jpg,1
21607.jpg,4
20560.jpg,2
20225.jpg,1
20067.jpg,0
23648.jpg,1
21624.jpg,4
22635.jpg,3
23051.jpg,3
615.jpg,5
22452.jpg,5
24226.jpg,1
24059.jpg,4
20275.jpg,2
21987.jpg,3
21368.jpg,2
22705.jpg,2
20166.jpg,1
23089.jpg,4
24106.jpg,5
20151.jpg,1
24241.jpg,2
20665.jpg,5
20903.jpg,5
21504.jpg,0
20313.jpg,4
22555.jpg,4
23663.jpg,1
21200.jpg,5
23248.jpg,4
20448.jpg,1
21458.jpg,5
20994.jpg,5
24172.jpg,5
21414.jpg,4
22895.jpg,3
21230.jpg,2
21067.jpg,4
21222.jpg,3
20934.jpg,5
23215.jpg,5
21244.jpg,3
23859.jpg,5
20394.jpg,0
23383.jpg,2
22020.jpg,3
21352.jpg,1
20714.jpg,1
23419.jpg,4
20300.jpg,4
23016.jpg,2
21618.jpg,3
24251.jpg,1
23155.jpg,5
20127.jpg,5
22654.jpg,5
20628.jpg,0
20371.jpg,4
21660.jpg,3
23938.jpg,3
24297.jpg,2
23144.jpg,5
20642.jpg,5
22166.jpg,5
20864.jpg,5
24181.jpg,2
23466.jpg,4
24066.jpg,2
20989.jpg,0
24271.jpg,0
22759.jpg,0
22037.jpg,2
24265.jpg,5
23377.jpg,1
22962.jpg,4
20520.jpg,4
23342.jpg,4
23678.jpg,4
22717.jpg,5
24091.jpg,3
23692.jpg,0
22266.jpg,5
22386.jpg,4
23023.jpg,0
23282.jpg,3
23537.jpg,2
23555.jpg,0
20960.jpg,0
24315.jpg,5
21766.jpg,2
23006.jpg,4
23635.jpg,4
20536.jpg,0
22143.jpg,2
21737.jpg,4
20316.jpg,4
23069.jpg,4
22158.jpg,3
20134.jpg,1
23462.jpg,1
20194.jpg,5
20228.jpg,0
23689.jpg,5
21427.jpg,5
23065.jpg,1
22657.jpg,3
22189.jpg,3
23522.jpg,3
21496.jpg,0
23366.jpg,0
20873.jpg,4
23073.jpg,5
20343.jpg,5
22204.jpg,5
23201.jpg,3
23299.jpg,1
22385.jpg,4
23376.jpg,1
23477.jpg,1
20427.jpg,3
21093.jpg,3
22954.jpg,2
22354.jpg,2
20955.jpg,4
20805.jpg,0
22337.jpg,4
20305.jpg,4
23392.jpg,2
21678.jpg,5
22309.jpg,3
21702.jpg,4
23554.jpg,0
23565.jpg,3
20692.jpg,4
23868.jpg,3
23661.jpg,2
20365.jpg,5
23611.jpg,5
21865.jpg,2
21972.jpg,1
20733.jpg,2
21827.jpg,0
20353.jpg,5
23575.jpg,1
21649.jpg,4
20825.jpg,1
23011.jpg,1
21221.jpg,4
22760.jpg,5
21014.jpg,4
23505.jpg,0
22168.jpg,4
22616.jpg,4
22484.jpg,4
23256.jpg,2
21430.jpg,1
23698.jpg,1
21694.jpg,0
22567.jpg,2
23564.jpg,0
23780.jpg,2
20079.jpg,5
21926.jpg,2
23869.jpg,2
20140.jpg,0
22011.jpg,2
22460.jpg,5
23487.jpg,4
20221.jpg,5
22373.jpg,5
21816.jpg,2
23427.jpg,2
22522.jpg,4
23327.jpg,3
24262.jpg,0
23209.jpg,4
24283.jpg,3
21401.jpg,5
20808.jpg,5
23027.jpg,4
22071.jpg,2
21118.jpg,3
24001.jpg,4
22277.jpg,3
23771.jpg,3
22665.jpg,0
21453.jpg,3
21903.jpg,4
23223.jpg,2
20344.jpg,0
24017.jpg,0
22253.jpg,3
22219.jpg,4
20587.jpg,0
21025.jpg,2
23873.jpg,1
23346.jpg,5
21163.jpg,4
23276.jpg,1
21633.jpg,2
23088.jpg,1
21596.jpg,2
21078.jpg,2
21361.jpg,2
21008.jpg,2
22626.jpg,1
20226.jpg,3
20464.jpg,5
20240.jpg,4
691.jpg,0
23334.jpg,3
22732.jpg,2
23959.jpg,4
20846.jpg,5
21879.jpg,2
20393.jpg,4
23328.jpg,2
21774.jpg,3
23733.jpg,5
23294.jpg,2
22899.jpg,0
20099.jpg,4
23076.jpg,5
20980.jpg,2
20622.jpg,4
22542.jpg,1
23968.jpg,5
23260.jpg,2
23224.jpg,3
22221.jpg,3
21706.jpg,0
20854.jpg,2
23291.jpg,3
22850.jpg,2
22173.jpg,4
21027.jpg,2
20537.jpg,0
21516.jpg,0
24324.jpg,1
21798.jpg,1
22716.jpg,3
21506.jpg,5
22304.jpg,2
21037.jpg,4
20272.jpg,2
20634.jpg,4
222.jpg,0
20828.jpg,0
20187.jpg,2
20227.jpg,2
23131.jpg,2
21090.jpg,2
20566.jpg,2
23597.jpg,1
23456.jpg,4
22982.jpg,2
20498.jpg,5
24215.jpg,0
21280.jpg,3
24266.jpg,4
20726.jpg,2
22964.jpg,2
22666.jpg,2
20663.jpg,0
24228.jpg,1
21468.jpg,3
22679.jpg,4
21527.jpg,0
23416.jpg,4
22316.jpg,5
23912.jpg,1
23630.jpg,3
22310.jpg,2
22911.jpg,0
20971.jpg,3
24010.jpg,0
21304.jpg,2
20651.jpg,3
23927.jpg,4
20084.jpg,5
22811.jpg,3
23122.jpg,1
21961.jpg,4
20071.jpg,3
20684.jpg,3
22960.jpg,3
20288.jpg,1
21246.jpg,2
22735.jpg,0
21887.jpg,1
21291.jpg,0
22341.jpg,0
21645.jpg,1
22543.jpg,4
23443.jpg,2
21722.jpg,5
22375.jpg,5
23785.jpg,2
22366.jpg,5
21236.jpg,3
23481.jpg,2
24063.jpg,0
21293.jpg,0
20738.jpg,3
21632.jpg,3
24332.jpg,5
20447.jpg,1
23987.jpg,1
24231.jpg,0
21747.jpg,2
21018.jpg,1
